UHF42,Largest Property Use Type - Gross Floor Area (ft²),Weather Normalized Site Natural Gas Intensity (therms/ft²),Natural Gas Use (kBtu),Weather Normalized Site Natural Gas Use (therms),Total GHG Emissions (Metric Tons CO2e),number of restaurants,parks superficy,poverty percentage,traffic volume,Borough,NO2 | Annual Average 2009,NO2 | Annual Average 2010,NO2 | Annual Average 2011,NO2 | Annual Average 2012,NO2 | Annual Average 2013,NO2 | Annual Average 2014,NO2 | Annual Average 2015,NO2 | Annual Average 2016,NO2 | Annual Average 2017,NO2 | Annual Average 2018,NO2 | Annual Average 2019,NO2 | Annual Average 2020,NO2 | Annual Average 2021,NO2 | Summer 2009,NO2 | Summer 2010,NO2 | Summer 2011,NO2 | Summer 2012,NO2 | Summer 2013,NO2 | Summer 2014,NO2 | Summer 2015,NO2 | Summer 2016,NO2 | Summer 2017,NO2 | Summer 2018,NO2 | Summer 2019,NO2 | Summer 2020,NO2 | Summer 2021,NO2 | Winter 2008-09,NO2 | Winter 2009-10,NO2 | Winter 2010-11,NO2 | Winter 2011-12,NO2 | Winter 2012-13,NO2 | Winter 2013-14,NO2 | Winter 2014-15,NO2 | Winter 2015-16,NO2 | Winter 2016-17,NO2 | Winter 2017-18,NO2 | Winter 2018-19,NO2 | Winter 2019-20,NO2 | Winter 2020-21,PM2.5 | Annual Average 2009,PM2.5 | Annual Average 2010,PM2.5 | Annual Average 2011,PM2.5 | Annual Average 2012,PM2.5 | Annual Average 2013,PM2.5 | Annual Average 2014,PM2.5 | Annual Average 2015,PM2.5 | Annual Average 2016,PM2.5 | Annual Average 2017,PM2.5 | Annual Average 2018,PM2.5 | Annual Average 2019,PM2.5 | Annual Average 2020,PM2.5 | Annual Average 2021,PM2.5 | Summer 2009,PM2.5 | Summer 2010,PM2.5 | Summer 2011,PM2.5 | Summer 2012,PM2.5 | Summer 2013,PM2.5 | Summer 2014,PM2.5 | Summer 2015,PM2.5 | Summer 2016,PM2.5 | Summer 2017,PM2.5 | Summer 2018,PM2.5 | Summer 2019,PM2.5 | Summer 2020,PM2.5 | Summer 2021,PM2.5 | Winter 2008-09,PM2.5 | Winter 2009-10,PM2.5 | Winter 2010-11,PM2.5 | Winter 2011-12,PM2.5 | Winter 2012-13,PM2.5 | Winter 2013-14,PM2.5 | Winter 2014-15,PM2.5 | Winter 2015-16,PM2.5 | Winter 2016-17,PM2.5 | Winter 2017-18,PM2.5 | Winter 2018-19,PM2.5 | Winter 2019-20,PM2.5 | Winter 2020-21,O3 | 2-Year Summer Average 2009-2010,O3 | Summer 2009,O3 | Summer 2010,O3 | Summer 2011,O3 | Summer 2012,O3 | Summer 2013,O3 | Summer 2014,O3 | Summer 2015,O3 | Summer 2016,O3 | Summer 2017,O3 | Summer 2018,O3 | Summer 2019,O3 | Summer 2020,O3 | Summer 2021,PM2.5_AEDV | Estimated annual rate (under age 18) | 2005-2007,PM2.5_AEDV | Estimated annual rate (under age 18) | 2009-2011,PM2.5_AEDV | Estimated annual rate (under age 18) | 2012-2014,PM2.5_AEDV | Estimated annual rate (under age 18) | 2015-2017,PM2.5_AEDV | Estimated annual rate (age 18+) | 2005-2007,PM2.5_AEDV | Estimated annual rate (age 18+) | 2009-2011,PM2.5_AEDV | Estimated annual rate (age 18+) | 2012-2014,PM2.5_AEDV | Estimated annual rate (age 18+) | 2015-2017,PM2.5_CH | 2005-2007,PM2.5_CH | 2009-2011,PM2.5_CH | 2012-2014,PM2.5_CH | 2015-2017,PM2.5_D | 2005-2007,PM2.5_D | 2009-2011,PM2.5_D | 2012-2014,PM2.5_D | 2015-2017,PM2.5_RH | 2005-2007,PM2.5_RH | 2009-2011,PM2.5_RH | 2012-2014,PM2.5_RH | 2015-2017,O3_AH | Estimated annual rate (age 18+) | 2005-2007,O3_AH | Estimated annual rate (age 18+) | 2009-2011,O3_AH | Estimated annual rate (age 18+) | 2012-2014,O3_AH | Estimated annual rate (age 18+) | 2015-2017,O3_AH | Estimated annual rate (under age 18) | 2005-2007,O3_AH | Estimated annual rate (under age 18) | 2009-2011,O3_AH | Estimated annual rate (under age 18) | 2012-2014,O3_AH | Estimated annual rate (under age 18) | 2015-2017,O3_CRD | 2005-2007,O3_CRD | 2009-2011,O3_CRD | 2012-2014,O3_CRD | 2015-2017,O3_AEDV | Estimated annual rate (age 18+) | 2005-2007,O3_AEDV | Estimated annual rate (age 18+) | 2009-2011,O3_AEDV | Estimated annual rate (age 18+) | 2012-2014,O3_AEDV | Estimated annual rate (age 18+) | 2015-2017,O3_AEDV | Estimated annual rate (under age 18) | 2005-2007,O3_AEDV | Estimated annual rate (under age 18) | 2009-2011,O3_AEDV | Estimated annual rate (under age 18) | 2012-2014,O3_AEDV | Estimated annual rate (under age 18) | 2015-2017
101.0,127087.26394052044,4.956170212765958,56863648.30524193,598313.4263829788,3256.3208178438663,1252,510.7495,16.2,104.62522857001521,Bronx,23.2,20.13,20.79,19.05,18.23,17.1,17.82,16.04,17.28,15.77,13.5,15.9,14.77,19.51,18.07,16.27,14.76,14.2,13.55,14.28,12.99,13.02,11.69,10.39,12.22,10.78,28.21,21.38,25.48,21.85,23.12,22.42,21.19,19.54,24.27,21.31,18.32,21.27,18.02,11.03,10.09,10.65,9.27,8.88,9.0,9.17,7.5,7.41,6.95,6.71,5.89,6.57,10.38,11.83,11.3,10.15,10.01,8.65,9.63,7.95,9.46,8.25,7.78,7.22,8.68,14.66,11.5,14.08,9.89,11.33,12.45,10.16,8.41,7.91,8.0,7.18,6.37,6.37,28.37,23.67,31.91,31.24,33.72,30.37,30.45,28.72,32.46,27.53,29.8,28.43,28.49,29.0,88.3,60.7,82.3,65.8,36.7,25.4,27.13,25.8,28.2,18.3,14.01,18.2,117.7,77.6,69.36,63.0,28.5,18.6,13.83,14.8,6.3,7.5,5.8,4.0,19.4,22.3,22.7,15.1,9.9,8.6,10.5,8.3,30.1,26.5,34.4,36.2,68.3,66.2,102.7,79.5
102.0,197555.7340425532,0.4272727272727273,8300407.041111111,85397.19545454545,882.6322222222221,2580,2073.038095238095,14.8,104.81221181314585,Bronx,22.39,20.21,21.06,20.02,18.37,18.97,19.52,17.52,18.87,16.16,14.67,16.75,15.98,17.94,17.86,17.16,16.25,14.27,15.4,15.79,14.6,14.37,13.05,12.28,13.0,12.38,27.63,22.66,25.99,22.15,22.24,24.6,23.37,21.25,26.39,21.29,19.11,21.91,19.18,10.68,9.65,10.48,9.11,8.73,9.0,9.13,7.55,7.46,6.99,6.68,5.95,6.49,10.33,11.83,11.39,10.23,10.17,8.71,9.73,7.93,9.25,8.33,7.7,7.17,8.54,13.58,10.23,13.35,8.94,10.59,12.2,10.14,8.31,8.14,8.13,7.19,6.66,6.32,28.64,26.82,33.96,33.44,35.09,31.68,31.49,29.93,33.21,29.01,31.24,30.34,30.85,30.37,152.6,73.4,139.92,108.6,69.4,37.6,57.7,48.4,25.9,16.2,12.96,18.5,77.3,57.0,47.87,47.3,25.9,18.6,14.24,15.4,9.0,9.8,10.3,6.6,28.1,32.2,42.4,33.3,5.4,5.4,6.6,6.2,58.3,42.2,81.9,66.9,114.5,79.3,184.4,143.0
103.0,92444.72984749456,0.3883248730964467,4003514.5148780486,40034.45355329949,578.7340611353712,3609,831.4058333333334,27.7,96.39674683181818,Bronx,24.82,22.06,22.61,21.01,19.89,19.44,19.76,17.93,19.15,17.25,15.17,16.98,16.03,21.15,19.72,18.38,17.13,15.98,15.79,16.04,14.79,14.87,13.3,12.17,13.15,12.15,29.69,23.87,27.53,23.32,24.13,24.97,23.33,21.54,26.33,22.82,19.92,22.59,19.33,11.1,10.26,10.77,9.47,9.06,9.19,9.14,7.57,7.52,7.19,6.7,6.0,6.58,10.6,11.97,11.48,10.35,10.29,8.76,9.73,8.05,9.39,8.55,7.77,7.22,8.67,14.47,11.4,13.92,9.88,11.27,12.51,10.16,8.33,8.09,8.22,7.2,6.68,6.41,27.48,24.47,32.53,32.08,34.08,30.79,30.7,29.53,32.78,28.34,30.6,29.64,30.17,30.0,167.2,122.8,191.4,153.6,108.2,68.7,77.59,64.1,30.6,18.8,14.53,21.2,67.3,49.6,43.54,41.4,28.1,20.5,17.08,19.4,14.4,14.4,15.0,10.0,34.5,43.6,51.0,39.1,3.3,4.0,4.2,4.0,84.1,73.6,99.5,85.5,115.8,125.0,232.6,187.8
104.0,160028.48547717842,0.8218274111675127,12971780.35936073,141733.32893401015,1244.6712499999999,4238,2193.195297619048,20.3,102.80789252293202,Bronx,22.83,21.04,21.61,19.94,18.58,19.26,19.36,17.92,18.72,16.89,15.47,16.19,16.01,19.03,17.88,17.17,16.09,14.69,14.96,15.12,14.25,14.14,12.84,12.8,12.14,12.32,27.61,23.85,27.63,22.44,22.38,25.82,23.7,22.02,25.91,22.91,20.36,22.22,19.55,10.59,9.68,10.5,9.23,8.74,8.97,8.93,7.5,7.52,7.0,6.74,6.12,6.6,10.44,11.87,11.46,10.29,10.26,8.55,9.68,8.06,9.29,8.39,7.81,7.14,8.53,13.3,10.14,13.3,9.45,10.53,12.05,9.87,8.07,8.18,8.06,7.31,7.28,6.56,28.68,26.72,34.31,34.24,35.44,32.06,31.93,31.41,33.63,29.79,31.52,30.87,32.05,30.29,162.5,121.9,133.94,105.2,79.7,57.5,58.78,44.6,28.4,19.3,13.9,19.2,73.6,54.5,45.4,42.8,24.4,19.7,13.87,15.9,10.2,11.7,10.5,7.0,28.0,34.2,36.5,28.7,4.4,4.5,5.5,4.8,64.8,58.1,78.0,60.2,114.6,116.0,164.3,131.3
105.0,96953.28115015975,0.5190812720848057,5162493.849324325,53296.893639575974,625.5396166134185,2014,431.5314166666667,33.6,91.6135955959709,Bronx,28.07,25.25,25.57,23.42,22.67,21.87,21.84,20.37,21.12,19.76,17.64,18.5,17.64,24.99,22.54,20.95,19.41,18.85,17.79,17.85,16.73,17.12,15.18,14.38,14.53,13.82,32.51,27.02,30.97,25.96,27.06,27.83,25.56,24.13,27.7,25.81,22.62,24.76,20.94,11.76,10.99,11.45,10.22,9.75,9.82,9.67,8.18,8.16,7.53,7.23,6.28,6.79,11.33,12.63,12.13,11.01,10.94,9.29,10.33,8.8,10.09,8.89,8.27,7.34,8.73,15.1,12.21,14.7,11.03,12.08,13.13,10.65,8.82,8.63,8.52,7.89,7.37,6.76,26.72,23.08,31.63,31.46,33.42,30.15,30.07,29.65,32.31,27.8,29.96,29.06,30.15,28.98,257.1,200.2,214.14,167.2,192.7,131.3,118.08,87.1,35.3,21.6,18.09,23.3,65.8,47.4,42.58,38.4,33.7,25.1,20.75,21.4,18.9,18.9,15.8,9.8,36.0,39.6,44.8,32.5,2.4,2.7,3.4,3.4,138.6,127.4,138.1,112.0,159.6,183.9,234.9,199.6
106.0,111269.07648725212,0.5319218241042346,6319824.425825826,61821.99185667752,650.2613636363636,2517,232.7472857142857,35.8,75.9946115553564,Bronx,29.35,26.38,26.67,24.23,23.73,22.56,22.28,21.08,21.66,20.83,18.76,18.92,18.04,26.46,23.66,21.95,20.12,19.9,18.26,18.15,17.13,17.68,15.85,15.43,14.75,14.19,33.61,28.03,32.09,26.85,28.3,28.68,26.0,24.83,27.97,27.05,23.89,25.81,21.5,11.8,11.0,11.44,10.26,9.83,9.87,9.6,8.16,8.16,7.68,7.14,6.12,6.63,11.44,12.66,12.14,11.03,10.95,9.27,10.27,8.85,10.13,9.06,8.27,7.24,8.6,15.06,12.17,14.72,11.24,12.26,13.2,10.55,8.71,8.59,8.59,7.75,7.11,6.59,26.33,22.64,31.25,31.12,33.23,29.92,29.91,29.93,32.34,27.72,29.68,28.62,30.13,29.2,308.0,249.3,232.54,188.6,193.7,130.1,117.38,98.1,39.0,24.1,17.83,23.5,84.8,55.8,47.64,43.0,42.2,27.6,23.46,25.8,18.5,16.4,16.1,12.0,35.1,38.2,48.7,39.4,2.8,2.8,3.7,3.9,124.0,113.1,134.5,124.9,171.2,202.0,248.9,220.8
107.0,95933.80625,0.6470149253731343,5462430.708333333,57326.12089552239,497.035,2492,145.922,36.3,86.78547985332216,Bronx,26.39,24.1,24.58,22.27,21.54,21.14,20.91,19.91,20.39,20.23,18.75,18.43,18.52,23.0,20.82,19.66,17.94,17.46,16.43,16.47,15.59,15.85,15.21,15.52,14.29,15.11,30.82,26.48,30.73,25.17,26.07,27.93,25.21,24.04,26.96,26.75,24.22,25.29,21.87,11.45,10.48,11.24,10.02,9.57,9.75,9.62,8.26,8.26,7.85,7.52,6.36,6.98,9.74,11.12,10.67,9.49,9.39,7.64,10.35,8.97,10.2,9.23,8.71,7.52,8.97,12.26,8.92,12.41,8.81,9.82,11.21,10.51,8.75,8.78,8.78,8.03,7.34,7.06,27.68,25.23,33.34,33.42,34.98,31.59,31.41,31.66,33.57,29.41,30.62,29.58,31.49,29.45,278.6,251.3,233.19,194.7,189.1,138.1,130.59,104.6,36.8,25.0,19.72,24.3,71.0,58.8,46.51,45.4,41.0,30.2,25.51,26.5,19.4,16.0,19.4,14.2,35.9,43.6,57.8,40.7,2.5,3.1,3.7,3.6,130.1,119.1,146.8,130.1,169.4,206.3,237.6,225.0
201.0,104959.4776119403,140.34912280701755,739284028.083871,8003854.0,37093.68333333333,4792,135.207,17.1,77.87785297698646,Brooklyn,26.95,25.08,25.84,23.63,22.85,22.43,21.69,21.44,21.19,21.93,21.4,19.63,20.55,22.6,21.41,21.34,19.39,18.89,17.27,17.04,16.59,16.36,17.47,19.22,14.72,17.18,32.48,28.07,32.23,26.94,27.66,29.9,26.82,25.71,26.74,28.11,26.69,29.27,24.77,11.93,10.57,11.51,10.27,10.0,10.54,10.49,9.46,8.98,8.72,8.56,7.04,7.67,12.17,13.32,12.84,11.69,11.54,10.37,11.0,9.8,10.79,9.85,9.93,7.95,9.63,14.25,10.22,14.07,10.37,11.63,13.51,10.85,10.19,9.3,10.07,9.24,8.59,7.99,27.11,25.56,32.54,31.61,32.73,29.77,30.47,30.97,32.96,28.98,28.98,27.77,29.71,27.79,60.8,59.6,43.52,27.4,36.6,28.2,26.91,19.9,28.9,20.5,15.84,15.9,64.0,45.6,37.08,29.9,18.4,10.0,8.23,6.6,5.8,3.5,3.6,1.0,9.5,10.3,6.4,4.8,3.5,3.6,3.5,3.1,27.0,26.9,32.1,27.6,42.7,58.6,50.5,36.5
202.0,156392.62585034015,0.4930327868852459,8219237.4973484855,83470.16762295082,870.8544520547945,10918,773.6236666666666,13.7,80.95212499547965,Brooklyn,28.4,26.46,26.64,23.98,23.41,22.67,21.87,21.65,21.12,21.14,19.98,18.26,18.78,25.21,22.6,22.21,20.18,19.95,17.79,17.42,17.32,16.62,16.37,17.99,12.96,14.56,33.61,29.32,33.0,27.09,28.16,29.89,27.03,25.72,26.27,27.19,24.83,28.64,23.9,11.5,10.49,11.14,9.9,9.46,9.99,9.89,8.86,8.35,7.85,7.44,6.69,7.1,11.71,12.73,12.26,11.12,10.95,9.87,10.29,9.15,10.12,8.91,8.9,7.41,9.08,14.16,10.67,13.85,10.44,11.11,12.93,10.05,9.84,8.52,9.38,8.15,8.55,7.31,26.11,23.08,30.94,29.54,30.66,28.04,29.32,29.76,31.98,27.92,28.54,27.61,28.79,28.7,99.3,89.1,76.93,46.4,60.9,40.7,35.78,24.1,28.6,19.8,15.67,14.4,58.9,40.5,36.04,26.5,20.7,13.1,10.24,7.8,7.9,6.6,5.2,2.3,16.5,20.5,17.1,12.5,4.9,4.2,4.3,3.2,51.4,43.5,42.9,34.3,77.1,95.3,87.6,62.6
203.0,106315.5,13.284357541899443,7006118.222631578,68886.09832402234,608.8980487804878,6420,248.41613333333333,21.6,75.36731157238168,Brooklyn,26.93,25.17,25.3,22.88,22.28,21.75,20.83,20.2,20.08,19.42,17.69,17.1,17.12,23.2,20.85,20.67,19.0,18.74,16.51,15.97,15.36,15.17,14.02,14.34,11.59,11.86,32.54,28.86,32.21,26.04,27.11,29.41,26.39,24.83,26.17,26.16,23.23,27.58,23.09,10.75,9.93,10.29,9.13,8.75,9.16,8.87,7.94,7.53,7.27,6.61,6.2,6.61,10.92,11.96,11.54,10.41,10.32,8.97,9.49,8.28,9.14,8.48,8.11,6.98,8.49,13.62,10.3,12.79,9.47,10.35,11.94,9.14,8.75,7.94,8.61,7.23,7.81,6.78,26.35,24.33,32.27,31.43,32.12,29.66,30.33,31.18,32.98,29.39,30.2,30.46,29.16,30.3,195.4,178.4,164.79,124.6,114.4,95.4,91.18,68.1,34.3,23.9,17.74,22.3,80.0,55.9,45.5,41.8,24.2,16.3,14.13,12.4,15.1,13.5,12.4,5.4,37.9,40.2,44.8,33.9,5.3,4.8,5.3,4.9,98.5,105.4,124.3,100.2,155.7,191.4,213.9,173.9
204.0,128950.70370370371,0.5088888888888888,7869762.932653061,86228.58666666667,672.154716981132,2421,259.6016666666667,24.3,100.89035934407916,Brooklyn,23.9,22.49,22.9,20.67,20.19,19.75,19.09,18.26,18.31,17.56,15.81,15.74,16.12,19.51,18.11,18.06,16.61,16.61,14.16,13.88,13.07,13.39,11.97,11.97,10.42,10.79,30.02,26.84,30.26,24.24,25.3,27.88,24.99,23.34,24.86,24.54,21.57,25.5,22.24,10.6,9.79,10.09,8.94,8.69,9.04,8.72,7.8,7.52,7.06,6.56,6.02,6.55,10.08,11.26,10.9,9.73,9.68,8.08,9.52,8.27,9.05,8.41,8.02,6.89,8.31,12.87,9.41,11.75,8.4,9.57,11.03,9.12,8.42,8.11,8.23,7.15,7.4,6.8,27.97,26.28,33.97,33.5,33.97,31.51,31.97,32.58,34.26,30.9,31.71,32.61,29.48,31.08,175.6,153.2,141.58,118.4,100.1,85.0,84.95,71.4,32.8,22.4,16.93,22.8,64.1,45.9,38.57,37.1,20.4,13.9,13.96,13.2,12.1,11.5,11.7,5.0,31.4,29.8,36.1,34.4,3.5,3.5,4.0,4.1,86.4,95.0,115.2,107.8,136.8,164.0,182.4,163.6
205.0,167864.8596491228,0.5551020408163265,9598442.790909091,106214.32244897958,922.2446428571428,4520,97.485,20.8,80.24652205587788,Brooklyn,25.26,23.77,23.86,21.09,20.59,20.23,19.71,19.32,18.87,19.67,18.46,16.77,18.03,22.28,19.51,19.22,17.13,16.77,15.23,14.98,15.07,14.14,14.4,16.21,11.77,13.69,30.17,27.5,30.6,24.12,25.84,27.68,25.37,23.69,24.33,25.76,23.31,26.36,23.41,11.04,10.21,10.84,9.59,9.12,9.63,9.45,8.4,8.09,7.72,7.32,6.47,6.99,11.45,12.46,12.03,10.87,10.62,9.45,9.99,8.93,9.75,8.78,8.86,7.27,8.97,13.49,10.61,13.49,10.08,10.78,12.57,9.64,9.32,8.3,9.25,7.97,8.17,7.27,27.71,24.63,32.71,31.5,32.29,29.67,30.6,31.29,33.28,29.26,29.49,28.83,28.93,29.02,47.0,51.3,45.54,34.4,47.2,35.0,27.98,18.6,24.3,17.1,11.75,12.4,49.2,38.7,30.86,28.0,17.2,12.5,9.43,7.4,6.4,6.5,5.2,2.9,8.8,10.8,11.6,6.3,3.8,4.1,3.1,3.1,40.5,39.1,33.1,26.9,37.7,59.5,49.9,47.4
206.0,90996.15135135135,2.7906626506024095,6146840.876966292,62065.84789156626,577.2032697547684,4686,98.456,21.8,70.20881017709995,Brooklyn,24.79,23.43,23.32,20.87,20.23,20.41,19.74,18.87,18.81,18.11,16.66,16.0,16.74,21.32,18.77,18.64,16.65,15.94,15.11,14.55,14.25,13.77,12.59,13.58,10.74,11.37,29.68,28.09,30.1,23.5,25.67,28.12,25.8,23.73,25.04,24.2,21.76,25.64,23.01,10.27,9.61,10.07,8.89,8.49,8.87,8.44,7.45,7.27,6.99,6.32,5.94,6.43,10.77,11.73,11.34,10.2,10.02,8.6,9.17,8.08,8.8,8.17,7.91,6.74,8.34,12.56,10.05,12.54,9.16,10.14,11.67,8.7,8.15,7.62,8.4,6.93,7.49,6.65,27.1,25.54,33.38,32.7,33.35,30.61,30.68,32.14,33.54,29.72,30.44,30.62,29.38,30.45,14.7,19.5,18.65,15.8,13.0,13.2,11.19,9.3,26.8,19.9,13.92,16.1,68.2,50.3,42.14,39.2,17.2,11.8,9.06,8.8,3.3,3.8,2.6,1.6,3.9,5.1,3.5,3.0,6.4,5.3,5.0,4.8,11.6,15.4,15.1,14.2,12.4,22.7,24.0,22.5
207.0,96239.66237113402,0.6662921348314607,6689590.25824468,69124.33960674157,777.0335051546392,5480,85.3452,13.3,74.1892485705668,Brooklyn,25.14,23.64,23.56,21.16,20.57,20.47,19.72,18.86,18.83,17.9,16.27,16.07,16.38,21.39,18.96,18.77,16.92,16.52,15.06,14.54,13.98,13.75,12.34,12.75,10.66,10.75,30.46,28.06,30.47,24.1,25.91,28.3,25.7,23.79,25.18,24.33,21.71,26.13,22.76,10.47,9.8,10.15,8.98,8.6,8.97,8.59,7.64,7.36,7.04,6.31,5.97,6.44,10.81,11.81,11.42,10.28,10.17,8.74,9.29,8.12,8.92,8.26,7.87,6.76,8.3,13.08,10.26,12.62,9.29,10.24,11.7,8.84,8.37,7.76,8.39,6.91,7.47,6.65,27.11,25.47,33.33,32.67,33.38,30.73,30.94,32.2,33.66,30.13,30.95,31.43,29.46,30.88,111.9,115.8,102.37,84.2,56.7,57.9,49.93,41.9,24.0,18.5,13.42,18.3,54.9,43.2,37.28,36.2,13.3,10.5,10.56,9.7,7.2,7.3,7.2,3.8,27.6,26.9,36.6,27.6,4.1,3.9,4.7,4.8,49.8,65.9,67.6,62.8,93.5,129.2,137.4,119.3
208.0,104391.70833333333,12.990243902439024,5658494.763043478,59556.62195121951,566.68125,2774,789.372,11.6,73.48248233219311,Brooklyn,20.22,19.1,19.21,17.22,16.65,17.0,16.52,15.3,15.64,14.48,13.14,13.76,14.28,15.47,14.28,14.26,12.43,12.05,11.12,10.77,9.96,10.26,9.05,9.24,8.63,8.17,25.93,24.61,26.24,20.3,22.63,25.35,23.07,20.86,22.76,20.54,18.66,22.86,21.17,9.85,9.12,9.55,8.37,8.18,8.48,8.1,7.12,7.02,6.7,6.15,5.69,6.27,10.35,11.44,11.12,9.95,9.85,8.24,8.97,7.77,8.54,8.05,7.71,6.6,7.99,12.12,9.45,11.81,8.31,9.83,11.07,8.39,7.6,7.61,7.9,6.74,6.85,6.55,29.0,28.97,36.12,35.91,36.6,33.7,33.25,34.7,35.79,32.45,32.96,34.05,30.36,32.26,91.9,81.7,70.95,61.4,41.8,40.9,35.08,31.4,25.1,18.3,13.06,18.3,61.1,49.7,39.49,40.0,15.5,12.5,11.07,11.9,5.8,7.1,6.5,2.9,17.6,21.5,22.5,19.8,5.6,5.7,5.9,6.0,38.3,49.8,52.2,48.5,79.4,97.7,98.8,88.9
209.0,99055.53005464481,0.7141104294478527,6764238.555232558,70139.84049079755,517.0049180327868,5032,426.237,14.4,76.65898238767831,Brooklyn,22.54,21.48,21.62,19.27,18.58,19.1,18.62,17.78,17.69,16.86,15.7,14.81,16.03,18.95,16.91,16.98,14.96,13.99,13.79,13.33,13.27,12.75,11.47,13.0,9.8,10.81,27.25,26.54,28.44,21.83,24.26,26.86,24.9,22.68,23.78,22.67,20.53,23.75,22.26,9.91,9.18,9.78,8.6,8.24,8.62,8.13,7.11,7.06,6.67,6.21,5.93,6.43,10.59,11.56,11.19,10.03,9.77,8.27,8.95,7.94,8.52,7.83,7.79,6.69,8.32,11.82,9.49,12.14,8.64,9.88,11.51,8.48,7.71,7.4,8.1,6.85,7.56,6.68,27.97,26.86,34.5,33.85,34.28,31.44,31.32,32.83,34.25,30.05,30.9,30.83,29.84,30.41,19.7,20.7,18.09,16.8,14.8,11.3,10.41,8.5,25.8,16.5,11.12,14.2,73.4,53.6,41.32,40.5,16.6,10.4,8.86,8.9,2.7,2.9,2.7,1.4,4.3,5.0,4.7,4.7,8.1,7.2,6.5,6.3,12.9,13.7,14.5,12.8,16.9,24.9,24.2,25.9
210.0,137404.4180327869,0.6568253968253969,10316720.307932012,112852.91936507937,738.2101648351648,4809,1190.5423333333333,18.7,62.723648236636556,Brooklyn,19.9,19.01,18.98,17.21,16.36,17.63,17.08,15.62,16.08,14.35,13.5,13.78,14.68,15.22,14.02,14.22,12.25,11.0,11.77,11.07,10.44,10.7,9.1,9.97,8.92,8.54,24.81,25.32,25.7,19.46,22.54,25.9,23.96,21.29,23.25,19.73,18.52,22.1,21.65,9.55,8.89,9.44,8.3,8.11,8.37,7.72,6.75,6.83,6.55,6.04,5.7,6.27,10.38,11.35,11.05,9.89,9.71,7.99,8.75,7.66,8.22,7.87,7.64,6.54,8.01,11.12,9.05,11.57,8.0,9.75,11.04,8.1,7.03,7.37,7.81,6.69,6.98,6.58,28.41,29.64,36.52,36.56,37.08,33.88,32.61,35.01,35.62,31.86,32.5,33.33,30.89,31.98,38.4,35.1,29.45,31.4,24.1,19.8,17.94,18.2,33.8,22.3,15.01,20.0,83.3,63.4,49.63,53.1,22.3,15.4,13.69,14.7,5.9,6.0,5.7,2.8,7.5,8.1,7.3,6.7,9.6,8.9,8.0,8.5,22.6,24.0,26.8,27.7,33.4,42.3,42.4,46.2
211.0,139020.5910891089,0.5411111111111111,9304654.1625,99851.38444444444,1971.3881188118812,4424,51.6,27.1,47.901626564337626,Brooklyn,27.13,25.31,25.75,23.43,22.72,22.2,21.27,20.82,20.69,20.95,19.67,18.5,19.04,23.14,21.25,21.19,19.53,19.13,17.0,16.54,15.94,15.73,15.84,16.66,13.24,14.71,32.79,28.63,32.58,26.68,27.35,29.79,26.59,25.28,26.64,27.7,25.25,28.7,24.12,11.36,10.33,10.88,9.7,9.36,9.84,9.61,8.67,8.22,8.11,7.5,6.72,7.25,12.74,13.92,13.48,12.31,12.2,10.93,10.2,8.99,9.87,9.31,8.96,7.55,9.21,15.14,11.25,14.57,11.01,12.17,14.01,9.96,9.44,8.62,9.42,8.1,8.29,7.49,26.65,24.76,32.38,31.54,32.28,29.7,30.41,31.1,32.99,29.33,29.64,29.34,29.38,29.28,185.7,184.6,165.26,107.9,118.4,106.8,97.15,67.3,37.8,26.9,19.2,21.0,72.2,50.0,41.09,34.7,31.6,18.2,15.94,11.0,19.8,13.6,12.9,4.6,40.1,41.2,33.4,20.5,4.0,3.7,3.9,3.7,98.3,113.7,120.8,96.7,138.7,185.8,196.9,145.3
301.0,98165.70621468927,0.356144578313253,5354081.928791208,55547.53542168674,752.4243346007605,4617,663.1161428571429,18.4,75.34166785108087,Manhattan,28.5,25.22,25.56,23.15,22.79,21.12,21.14,19.85,20.56,19.73,17.27,18.08,17.1,25.61,22.89,20.85,18.91,18.97,17.09,17.27,16.19,16.69,14.97,14.03,14.03,13.2,32.91,26.37,30.54,25.92,27.68,26.86,24.58,23.4,26.85,25.64,22.24,24.62,20.46,11.55,10.71,11.12,9.89,9.48,9.49,9.36,7.81,7.79,7.32,7.11,6.29,6.86,10.76,12.11,11.58,10.45,10.35,8.88,9.91,8.45,9.87,8.65,8.17,7.35,8.83,15.02,12.05,14.4,10.49,11.74,12.75,10.29,8.5,8.17,8.29,7.76,7.35,6.81,25.92,21.82,30.54,30.13,32.66,29.34,29.52,28.95,31.92,26.92,28.95,27.73,28.84,27.89,175.9,138.5,111.6,81.6,66.4,44.5,40.42,32.9,27.6,18.1,14.0,17.1,60.5,46.0,38.88,33.2,20.6,12.5,10.48,10.3,6.6,5.8,5.5,3.6,12.9,18.3,19.1,19.7,3.1,3.2,3.9,3.3,46.8,41.7,47.2,42.6,110.4,130.2,126.2,99.8
302.0,145428.35897435897,0.43349514563106795,7760516.044549763,71739.32233009709,1080.8170940170942,2382,156.9335714285714,23.9,85.02250487998602,Manhattan,31.06,27.83,28.23,25.76,25.36,23.86,23.15,22.19,22.64,21.66,19.7,18.99,18.21,28.08,25.48,23.92,21.81,21.54,19.54,19.02,18.13,18.89,16.9,16.78,14.6,14.42,35.28,29.31,33.16,28.09,29.88,29.87,26.74,25.73,28.51,27.52,24.69,26.6,21.82,11.6,10.62,11.13,9.99,9.7,9.73,9.36,7.95,7.93,7.53,7.0,6.35,6.78,11.36,12.49,11.93,10.85,10.76,9.12,9.99,8.67,9.91,8.9,8.19,7.36,8.77,14.56,11.46,14.35,10.85,12.15,13.1,10.23,8.42,8.28,8.44,7.59,7.56,6.74,25.43,21.52,29.75,29.4,31.71,28.4,28.58,28.98,31.35,26.51,28.41,27.07,29.52,28.49,424.7,291.1,253.14,193.1,209.9,137.0,116.42,95.1,35.1,19.7,16.21,20.2,105.2,63.6,53.09,45.4,30.6,18.8,16.52,14.9,13.1,10.3,11.7,6.1,41.7,38.1,46.2,39.2,5.0,4.3,4.7,4.4,156.1,130.4,136.2,121.4,292.5,269.9,277.7,228.6
303.0,210100.8640776699,0.5958762886597938,18354098.400000002,173372.20103092783,1900.7145631067963,2376,482.60442857142857,31.9,132.45590003793941,Manhattan,29.9,27.07,27.65,25.32,24.75,23.76,22.99,22.19,22.41,20.91,19.4,18.77,18.28,26.42,24.41,23.33,21.24,20.7,19.16,18.63,17.82,18.57,16.41,16.73,14.24,14.52,34.29,29.06,32.92,27.76,29.27,30.2,26.96,25.95,28.06,26.75,24.44,26.76,22.03,11.55,10.41,11.12,9.98,9.73,9.84,9.51,8.19,8.11,7.39,7.11,6.37,6.79,10.95,12.31,11.81,10.63,10.49,8.88,10.18,8.9,10.05,8.72,8.27,7.27,8.69,13.58,10.22,13.86,10.18,11.37,12.58,10.33,8.59,8.45,8.36,7.79,7.83,6.82,25.7,22.84,30.52,30.25,32.25,28.87,28.92,29.58,31.62,26.91,28.83,27.51,30.19,28.36,354.2,299.4,241.33,215.5,202.7,147.1,129.63,111.6,39.0,23.3,20.69,25.5,100.5,69.9,57.85,54.2,44.8,29.2,22.18,20.3,19.5,17.4,14.2,9.1,43.1,42.3,47.3,36.9,4.7,4.7,5.3,5.2,143.9,135.2,154.9,141.5,224.8,276.0,261.6,262.3
304.0,157825.60795454544,0.28375,5359005.970068027,54751.09071428572,3109.6201149425287,5192,1175.3515,11.0,135.03554169200876,Manhattan,31.95,28.66,29.3,27.08,26.5,25.1,23.86,23.15,23.39,22.22,20.8,19.62,19.17,28.52,26.72,25.78,23.58,22.74,20.87,19.79,19.1,19.98,18.4,18.84,15.07,15.66,36.38,30.23,33.65,28.9,30.65,30.99,27.42,26.42,28.64,27.31,25.25,28.11,22.81,12.18,11.01,11.49,10.46,10.35,10.42,9.78,8.49,8.33,8.16,7.38,6.35,6.8,12.13,13.03,12.46,11.44,11.38,9.79,10.39,9.12,10.13,9.48,8.55,7.24,8.71,14.69,11.26,14.37,10.84,12.6,13.77,10.57,8.85,8.59,9.21,8.16,7.87,6.84,24.37,21.31,28.68,27.89,30.17,26.93,27.4,28.12,30.54,25.57,27.2,25.59,28.97,27.81,113.2,74.2,63.93,51.9,32.3,25.5,23.49,23.2,18.4,12.0,9.57,12.3,59.5,48.9,44.15,40.5,15.3,11.6,10.19,8.5,3.2,2.8,3.1,1.5,10.6,11.5,9.1,6.6,4.2,4.1,4.8,4.6,24.3,24.1,26.9,30.6,80.5,69.8,69.6,60.6
305.0,158178.64338235295,0.3098360655737705,5410452.870888889,55486.870491803274,5843.193001841621,3895,63.63715217428572,6.8,184.7456151949493,Manhattan,34.29,31.02,31.52,29.5,28.59,27.62,25.67,24.81,25.04,23.42,22.13,20.89,20.31,30.94,28.98,28.61,26.79,25.15,23.49,21.57,20.78,21.92,19.87,20.08,16.33,16.72,38.68,32.97,35.88,30.52,31.8,33.42,29.21,28.02,30.22,28.57,26.49,29.8,24.0,12.88,11.83,12.1,11.19,11.1,11.15,10.2,9.07,8.85,8.68,8.0,6.72,7.02,12.91,13.66,13.11,12.14,12.18,10.43,10.94,9.66,10.4,10.03,9.14,7.44,8.89,15.3,11.89,14.66,11.28,13.09,14.39,11.05,9.31,9.13,9.75,8.96,8.57,7.1,22.97,20.87,28.21,27.52,29.24,26.32,26.66,28.07,30.17,25.24,26.97,25.88,29.3,27.83,39.0,35.5,24.44,18.6,11.5,9.4,7.98,6.6,14.2,11.1,9.18,11.0,55.3,45.3,43.37,35.4,11.1,9.2,8.38,6.7,1.4,1.4,1.3,0.7,6.5,9.4,7.6,5.6,4.0,4.0,4.3,3.8,8.5,9.3,8.8,8.6,30.0,35.4,26.2,24.6
306.0,231781.19119617227,0.2789873417721519,6342221.479520958,63565.21924050633,9451.88349328215,19047,79.50116666666668,11.9,166.16310572560127,Manhattan,39.87,36.03,36.33,34.33,33.35,31.9,29.17,28.36,28.46,27.57,26.02,23.87,23.32,37.13,34.75,34.57,32.85,30.68,28.44,25.55,24.97,26.19,24.85,24.86,19.29,20.2,44.2,37.4,39.66,34.33,35.62,36.89,32.14,30.85,32.93,31.91,29.47,33.6,26.71,14.24,13.21,13.27,12.42,12.41,12.53,11.39,10.32,9.91,9.97,10.21,8.5,8.44,14.29,14.8,14.24,13.33,13.38,11.83,12.01,10.75,11.34,11.25,11.24,8.7,10.42,16.68,13.18,15.72,12.42,14.31,15.8,12.11,10.66,10.05,11.21,11.75,11.38,8.57,21.26,18.19,25.62,24.2,26.0,23.53,24.61,26.11,28.76,23.43,24.81,23.84,27.83,27.11,139.1,88.6,75.56,53.6,39.1,25.3,28.52,20.4,20.6,11.7,11.79,11.7,57.5,39.7,40.18,31.7,13.5,9.0,9.39,6.9,4.2,2.8,3.4,1.1,19.0,14.1,13.3,9.4,4.0,3.4,3.7,3.4,28.6,24.6,28.6,27.3,97.8,91.6,75.7,67.9
307.0,246123.5721893491,0.2325131810193322,4515324.6814814815,45755.82724077329,16939.802725118483,10420,26.38342857142857,7.9,192.63938001642376,Manhattan,43.32,39.17,39.18,37.29,36.08,34.74,31.23,30.14,30.31,28.69,26.22,24.27,23.54,40.99,38.0,38.09,36.74,33.89,31.56,27.72,26.92,28.61,26.13,24.78,19.72,20.19,47.43,40.59,42.24,36.31,37.34,39.35,33.9,32.41,34.66,33.05,29.66,34.16,27.0,15.03,14.24,13.93,13.23,13.2,13.23,11.72,10.76,10.33,10.3,10.09,8.18,8.15,15.05,15.38,14.82,13.98,14.14,12.38,12.47,11.17,11.53,11.64,11.11,8.4,10.07,17.61,14.3,16.19,13.13,15.0,16.44,12.55,10.99,10.47,11.5,11.66,11.0,8.29,19.27,16.13,23.9,22.59,24.05,21.93,22.89,25.06,27.51,22.12,23.99,23.96,27.65,26.95,61.7,69.7,57.64,44.5,27.4,20.7,23.96,16.5,17.1,12.9,12.08,12.0,52.7,47.9,45.24,35.7,13.0,8.6,8.89,6.9,3.2,2.1,1.7,1.0,9.1,10.6,9.0,9.0,3.2,3.6,3.4,3.6,19.6,19.6,22.5,21.5,42.4,70.0,48.8,56.6
308.0,133179.8220447284,0.6187739463601533,7920587.5425992785,83260.47164750956,9235.226198083068,11223,28.240000000000002,9.4,139.3568590227747,Manhattan,34.75,31.8,32.25,29.98,29.19,27.99,26.27,25.93,25.62,24.79,23.56,21.32,21.3,31.61,29.56,29.31,27.33,26.13,23.91,22.38,22.17,22.35,21.53,22.64,16.22,17.91,39.62,33.62,36.82,31.61,32.69,33.98,30.19,29.03,30.12,29.62,27.47,31.63,25.42,12.75,11.56,12.04,10.99,10.81,11.17,10.6,9.52,9.02,8.79,9.65,8.22,8.22,12.9,13.66,13.12,12.1,12.02,10.79,11.04,9.84,10.66,9.91,10.79,8.45,10.23,15.16,11.42,14.62,11.16,12.57,14.33,11.01,10.21,9.12,10.23,11.04,11.04,8.37,23.82,20.56,27.87,26.21,27.85,25.22,26.66,27.35,30.03,25.23,26.35,25.04,28.54,27.96,25.6,24.5,18.09,14.2,11.6,9.2,7.24,6.5,13.4,9.6,7.29,8.3,45.4,41.0,31.69,25.5,5.9,5.4,5.28,4.7,1.3,1.0,0.9,0.6,6.3,6.2,5.4,1.5,3.1,3.4,2.8,2.9,9.1,8.9,7.7,8.6,19.9,24.2,18.5,18.0
309.0,172515.76014234876,0.3663594470046083,6667049.825333334,68633.2271889401,9988.38844765343,11314,124.493,22.0,109.92874682343532,Manhattan,32.71,29.99,30.45,28.23,27.39,26.45,24.84,24.49,24.2,22.94,21.57,19.69,19.55,29.28,27.36,27.2,25.28,24.15,22.11,20.75,20.44,20.58,19.38,20.28,14.45,15.71,37.72,32.14,35.45,30.14,31.08,32.79,29.06,27.88,28.98,28.12,25.9,30.06,24.08,12.08,10.87,11.44,10.35,10.15,10.53,10.06,9.02,8.52,8.14,8.87,7.76,7.8,12.26,13.11,12.59,11.54,11.46,10.2,10.53,9.32,10.19,9.28,10.09,8.1,9.8,14.47,10.64,14.0,10.49,11.85,13.62,10.46,9.71,8.68,9.55,10.08,10.31,7.9,23.95,21.16,28.38,26.94,28.41,25.73,26.93,27.73,30.14,25.58,26.82,25.72,28.92,28.29,124.9,151.9,114.77,102.2,46.3,45.5,36.21,31.6,25.1,18.5,12.66,15.6,66.9,58.8,47.29,45.1,22.0,15.5,11.96,10.7,6.2,5.6,5.5,2.8,16.1,14.2,14.1,15.5,3.9,4.0,4.7,4.5,35.0,42.5,40.9,40.7,85.8,144.0,127.0,124.9
310.0,370451.2220657277,0.26015625,7273131.310447762,73046.07421875,30769.152582159626,4864,57.73833333333333,9.6,81.23235729124828,Manhattan,36.69,33.48,33.5,31.07,30.26,28.87,26.61,26.15,25.82,25.15,24.17,21.55,21.49,34.41,31.27,31.05,29.32,27.85,25.15,22.93,22.76,22.95,21.79,23.09,16.58,17.85,41.31,35.16,37.94,32.03,33.01,34.47,30.29,28.96,30.24,30.06,27.74,32.12,25.67,13.06,12.19,12.28,11.32,11.06,11.36,10.54,9.53,9.01,8.94,8.23,7.42,7.58,13.16,13.75,13.21,12.25,12.22,10.91,11.01,9.8,10.48,10.07,9.52,7.83,9.6,15.79,12.37,14.81,11.65,12.76,14.49,10.94,10.28,9.08,10.41,9.29,9.88,7.71,22.73,18.88,26.89,25.07,26.44,24.26,25.98,26.98,29.73,24.66,25.92,24.72,27.71,27.96,71.6,57.2,52.25,35.4,35.0,25.7,24.14,19.2,18.6,14.0,12.36,10.9,59.5,36.4,34.37,27.3,15.6,5.8,6.08,6.6,3.6,2.6,2.7,2.2,8.1,9.5,6.2,5.8,3.8,2.8,2.5,2.7,26.9,27.0,24.6,28.9,57.2,56.8,55.3,47.4
401.0,112627.00415224914,0.41150793650793654,4235249.235315985,44102.277380952386,573.1343859649122,8729,233.02814039714286,11.0,72.77750905510986,Queens,26.29,24.32,25.24,23.14,22.3,22.07,21.39,20.91,20.99,20.89,20.24,18.94,19.0,21.87,20.91,20.69,18.77,18.02,16.92,16.67,16.02,16.21,16.35,17.72,14.24,15.47,31.39,27.27,31.48,26.18,26.98,29.39,26.22,25.17,26.93,27.14,25.7,27.62,23.07,11.4,10.05,11.02,9.84,9.6,9.98,9.78,8.65,8.42,8.16,7.99,6.83,7.2,11.6,12.81,12.33,11.18,11.07,9.59,10.46,9.23,10.23,9.43,9.28,7.76,9.13,13.59,9.75,13.64,9.91,11.41,13.06,10.44,9.1,8.85,9.27,8.62,8.31,7.36,27.57,26.08,33.01,32.66,33.91,30.62,30.71,31.43,33.15,29.12,29.66,28.36,30.96,29.15,71.2,79.4,48.83,46.1,18.2,28.1,25.09,21.8,22.6,15.6,11.38,14.7,55.3,39.8,31.59,31.4,16.9,12.3,9.75,9.3,3.7,4.1,4.3,2.3,10.8,13.2,11.2,6.4,3.8,3.5,4.2,4.3,12.5,27.1,31.2,28.7,47.4,75.0,59.9,58.8
402.0,118200.15368421053,0.5856097560975609,6915217.1,70841.08585365853,1301.9709745762714,11183,520.2259285714285,12.5,85.53949299932704,Queens,25.81,24.18,24.96,22.78,21.89,21.87,21.11,20.53,20.56,19.9,18.67,17.79,18.56,21.66,20.31,20.29,18.85,18.1,16.64,16.3,15.6,15.77,14.92,15.58,12.85,14.75,31.11,27.56,31.99,25.94,26.15,29.51,26.21,25.02,26.77,26.84,24.36,26.72,22.92,10.99,9.89,10.6,9.46,9.13,9.47,9.17,8.14,7.93,7.57,7.35,6.56,7.14,11.13,12.34,11.92,10.77,10.71,9.05,9.98,8.71,9.58,8.89,8.61,7.37,8.99,13.5,9.84,13.05,9.57,10.76,12.41,9.87,8.6,8.48,8.67,8.01,8.24,7.35,27.28,25.7,33.17,33.0,33.58,30.68,30.87,31.57,33.12,29.44,30.33,29.95,30.94,29.19,89.3,75.2,49.02,60.2,22.0,15.6,13.56,14.7,18.4,13.2,8.84,12.7,44.6,33.2,26.29,27.1,12.6,9.6,7.46,8.6,3.2,3.0,3.4,2.3,11.7,9.2,11.0,9.0,3.0,3.0,3.4,3.5,17.3,16.1,18.1,20.7,61.5,72.4,62.0,80.7
403.0,129181.31147540984,0.5141221374045801,6987743.719014085,70030.5141221374,824.7881967213115,8401,1050.55,14.1,89.31262317571871,Queens,22.68,21.48,21.94,19.83,18.71,19.46,19.09,18.24,18.5,17.63,16.26,15.59,15.66,19.25,17.83,17.42,16.49,15.61,14.58,14.46,14.08,13.95,12.95,13.61,11.03,11.69,27.65,24.85,28.98,22.77,22.06,26.95,24.01,22.66,25.52,24.42,21.25,22.92,20.06,10.16,9.34,10.05,8.9,8.39,8.65,8.45,7.22,7.27,6.9,6.61,6.24,6.45,10.23,11.58,11.24,10.07,10.09,8.19,9.32,7.8,8.88,8.35,7.76,7.05,8.24,12.74,9.54,12.56,9.23,9.89,11.46,9.23,7.68,8.01,7.94,7.24,7.83,6.5,28.58,26.29,33.99,33.92,34.46,31.43,32.01,31.88,33.44,30.26,31.28,31.3,31.59,30.79,48.7,38.0,29.26,29.4,13.3,9.3,9.56,7.9,19.2,14.1,9.2,12.8,54.5,43.6,36.51,36.1,15.0,11.3,8.85,10.2,2.2,2.6,2.6,1.4,11.1,11.2,8.8,8.5,5.0,5.4,5.9,5.8,11.3,10.5,13.5,11.9,38.8,40.0,39.2,39.7
404.0,172482.0185185185,0.6148936170212765,10205445.461224489,105984.74255319148,913.1407407407407,2131,877.9025333333334,7.8,128.15772466387108,Queens,20.05,19.23,19.48,17.46,16.41,17.44,17.3,16.43,16.59,15.77,14.17,13.16,13.91,16.77,16.02,15.36,14.59,14.07,12.64,12.65,12.73,12.58,11.72,12.49,8.71,9.97,25.34,22.8,26.19,20.42,19.33,25.08,22.34,20.9,23.82,21.85,18.18,19.92,18.62,9.72,8.98,9.71,8.55,8.08,8.31,8.26,6.88,7.03,6.48,6.21,6.0,6.29,9.87,11.26,11.01,9.84,9.94,7.96,9.07,7.38,8.65,8.0,7.29,6.73,7.9,12.16,9.1,12.12,8.92,9.4,10.87,8.81,7.37,7.87,7.57,6.92,7.65,6.41,28.51,26.29,33.51,33.03,33.84,30.76,32.26,31.27,32.99,30.27,30.98,31.68,30.45,30.14,26.7,22.1,13.44,12.2,8.5,6.7,6.63,4.9,18.3,12.5,8.66,11.7,48.9,34.5,28.43,29.7,15.1,10.2,6.97,8.2,1.8,2.2,2.0,1.2,7.5,8.5,8.3,4.4,4.8,4.5,4.8,5.3,7.5,7.8,9.8,7.0,23.4,27.5,19.5,19.0
405.0,132716.80115273775,0.5867741935483871,7895147.736477987,80694.33697749197,706.0399425287357,5046,501.58980952380955,9.1,90.3964414115107,Queens,24.06,22.61,23.26,20.99,20.3,20.0,19.25,18.65,18.65,17.94,16.24,15.74,16.04,19.91,18.49,18.51,17.24,16.92,14.62,14.32,13.62,13.79,12.54,12.77,10.49,11.26,29.88,26.35,30.69,24.49,24.72,27.94,24.7,23.39,25.06,25.21,22.03,25.26,21.48,10.44,9.52,9.95,8.83,8.51,8.85,8.51,7.56,7.32,6.99,6.56,6.11,6.54,10.56,11.73,11.35,10.2,10.17,8.49,9.33,8.05,8.85,8.33,7.91,6.91,8.34,13.29,9.73,12.3,8.97,10.07,11.63,9.09,8.12,7.93,8.11,7.17,7.7,6.72,27.88,25.58,33.32,32.97,33.3,30.77,31.33,31.81,33.48,30.06,30.96,31.3,30.2,30.47,51.0,51.1,43.55,32.2,19.1,14.9,14.54,12.8,25.2,15.7,11.24,14.5,72.0,45.7,39.01,34.7,18.3,12.4,10.68,10.0,4.2,3.4,3.6,1.9,17.5,16.0,14.6,10.0,6.7,5.5,6.0,5.3,16.2,16.6,19.5,18.4,40.4,56.3,57.6,43.3
406.0,169308.01408450704,0.7868852459016393,15554566.832258064,127504.02622950819,1218.7485714285713,1360,604.0976428571429,11.5,70.98227330008635,Queens,22.78,21.67,22.1,19.78,19.03,19.26,18.78,18.09,18.11,17.34,15.36,14.4,14.9,19.35,18.0,17.57,16.63,16.42,14.13,13.97,13.7,13.83,12.36,12.64,9.49,10.52,28.26,25.28,29.4,23.12,22.57,27.13,23.98,22.71,24.91,24.31,20.31,22.53,20.0,10.0,9.25,9.74,8.63,8.21,8.43,8.19,7.03,7.05,6.55,6.16,5.95,6.27,10.09,11.39,11.08,9.92,9.96,8.01,9.07,7.59,8.61,8.02,7.35,6.68,7.92,12.76,9.57,12.14,9.02,9.68,11.1,8.81,7.5,7.81,7.6,6.83,7.63,6.4,27.97,25.43,33.23,32.93,33.38,30.67,31.8,31.53,33.16,30.07,31.03,31.81,30.5,30.55,54.8,47.7,38.06,36.2,22.2,17.2,16.72,12.7,19.9,14.9,9.37,11.7,52.0,43.4,35.22,30.7,15.2,9.7,8.06,8.5,4.1,3.7,3.3,2.5,12.2,13.6,11.9,13.8,4.9,4.8,5.4,5.1,21.1,20.7,25.6,20.5,49.7,60.9,57.7,54.8
407.0,117288.81553398058,0.5179775280898876,6563158.284210526,60885.25730337079,1190.442718446602,5091,483.64713333333333,10.4,88.0955211638424,Queens,22.93,21.7,22.21,20.01,19.65,19.19,18.68,17.8,17.95,17.19,15.13,14.75,15.1,18.59,17.74,17.53,16.3,16.55,13.61,13.42,12.77,13.34,11.83,11.69,9.47,9.82,29.22,26.12,29.53,23.67,24.45,27.42,24.5,22.91,24.86,23.99,20.41,23.92,21.29,9.96,9.19,9.43,8.32,8.14,8.39,8.05,7.02,6.94,6.56,6.19,5.91,6.3,10.13,11.33,11.03,9.86,9.88,8.06,8.94,7.59,8.43,8.02,7.54,6.69,7.92,12.85,9.67,11.69,8.45,9.74,10.95,8.51,7.51,7.69,7.62,6.86,7.4,6.52,28.36,26.48,34.04,33.63,34.15,31.68,32.51,32.59,34.34,31.16,31.93,33.31,29.73,31.87,81.4,80.0,60.95,43.0,30.6,29.8,23.62,18.6,25.6,19.9,13.3,18.5,49.0,37.1,29.28,27.6,13.4,10.5,8.27,9.0,4.2,4.1,4.1,2.8,14.0,18.6,18.1,11.3,3.9,4.0,4.1,3.8,27.0,35.0,33.9,28.3,63.5,89.0,83.7,61.2
408.0,143426.61165048543,0.896551724137931,13609876.42722513,145407.26666666666,2858.3107843137254,5128,533.82965643,12.0,82.4219727489676,Queens,22.29,21.22,21.54,19.35,18.96,18.81,18.42,17.56,17.69,17.55,15.51,14.24,15.3,18.49,17.87,17.25,16.21,16.57,13.5,13.33,13.11,13.67,12.77,13.05,9.35,10.79,28.35,25.35,28.44,22.78,22.95,26.89,23.94,22.45,24.81,23.83,19.86,22.29,20.88,9.95,9.25,9.57,8.48,8.27,8.46,8.2,6.99,7.08,6.69,6.24,5.97,6.43,10.13,11.39,11.15,9.98,10.07,8.1,9.08,7.57,8.62,8.25,7.48,6.73,7.98,12.69,9.68,11.87,8.8,9.79,10.93,8.63,7.42,7.93,7.71,6.93,7.45,6.69,27.77,26.14,33.52,32.95,33.78,31.12,32.63,32.04,33.86,30.93,31.33,32.83,29.47,30.99,113.6,115.8,91.4,69.6,47.5,41.6,39.6,29.7,24.4,18.9,14.39,19.4,58.2,42.7,36.5,31.7,17.9,12.7,9.85,10.5,7.9,7.5,5.9,4.3,23.4,28.3,23.7,18.0,5.5,5.2,5.4,5.1,47.7,54.1,61.5,49.0,103.9,144.7,133.6,105.7
409.0,176451.48936170212,9.902272727272727,2404336088.9347825,25138266.80454546,130837.13191489362,2374,783.3010333333333,6.2,144.78823466718254,Queens,19.89,19.1,19.29,17.34,16.8,17.28,17.16,16.16,16.44,16.21,14.5,13.02,14.25,16.05,16.15,15.32,14.32,14.59,12.08,12.04,12.13,12.59,12.22,12.99,8.37,9.95,25.88,23.39,25.66,20.53,20.46,25.34,22.67,21.05,24.02,21.61,17.99,20.09,19.78,9.35,8.65,9.17,8.04,7.85,8.02,7.9,6.51,6.75,6.42,6.01,5.78,6.23,9.65,10.98,10.79,9.61,9.75,7.72,8.75,7.06,8.35,8.05,7.18,6.57,7.69,11.72,8.85,11.44,8.31,9.27,10.35,8.23,6.89,7.7,7.46,6.73,7.16,6.48,28.65,27.59,34.29,33.59,34.81,31.79,33.6,32.51,34.3,31.72,31.82,33.42,29.98,31.45,73.8,70.5,53.85,39.5,28.4,27.4,21.89,17.9,19.2,14.5,11.22,17.3,43.0,34.4,27.36,26.3,13.0,10.0,6.92,8.2,4.8,5.0,3.9,3.0,19.7,26.2,24.7,16.1,4.3,4.3,4.3,4.1,29.7,35.5,35.8,28.9,72.9,90.2,83.8,60.1
410.0,176045.59523809524,0.6774647887323944,11988871.409090908,121057.0014084507,946.4833333333333,877,1719.4452324666668,18.0,59.07567696628344,Queens,14.68,14.07,14.27,13.12,12.67,13.77,13.55,11.72,12.66,10.52,10.04,10.55,11.41,8.57,10.1,9.94,8.25,8.04,7.44,6.99,6.22,7.81,6.73,7.33,5.96,4.94,21.03,21.08,20.38,15.89,18.88,22.68,20.67,18.0,21.06,14.41,13.95,17.57,19.05,8.75,7.99,8.44,7.36,7.61,7.69,7.16,5.98,6.32,6.06,5.59,5.33,5.92,9.6,10.74,10.59,9.41,9.45,7.37,8.29,6.87,7.74,7.76,7.02,6.27,7.25,10.21,7.95,10.28,6.73,9.23,9.87,7.4,5.92,7.3,7.0,6.28,6.12,6.33,30.47,33.59,38.98,39.03,40.3,36.84,36.25,37.44,38.18,35.19,35.18,37.44,31.49,34.81,152.7,111.8,57.9,55.0,60.0,47.8,42.29,39.0,28.8,19.8,13.87,21.0,101.1,69.8,49.49,50.2,30.6,18.8,10.21,16.9,9.4,9.0,7.6,4.8,38.1,23.6,18.0,11.0,11.7,9.0,9.4,7.7,58.8,59.7,72.6,63.0,135.2,137.4,91.0,84.8
501.0,158086.88235294117,0.5642857142857143,10731349.0,124633.93571428572,1138.141176470588,1405,530.98,17.0,57.77811413864647,Staten Island,21.35,19.79,21.12,18.78,18.38,17.54,17.36,17.47,16.98,16.77,15.73,14.15,15.66,18.19,17.11,16.93,15.45,15.03,13.12,13.13,13.86,13.28,12.34,14.27,9.8,11.82,26.45,22.81,27.72,22.3,23.64,24.53,22.69,21.29,21.5,22.6,20.12,21.89,20.82,10.22,9.02,9.73,8.55,8.27,8.79,8.34,7.3,7.19,6.78,6.34,5.93,6.37,10.75,11.74,11.31,10.13,9.57,8.32,9.08,8.22,8.61,7.84,7.79,6.88,8.3,12.46,9.34,12.16,8.6,10.06,12.27,8.97,8.12,7.36,8.19,6.86,7.44,6.61,29.2,24.42,32.74,31.02,31.06,28.84,30.23,29.99,33.42,27.0,28.48,27.27,26.96,28.64,106.9,92.0,85.94,66.9,62.6,64.5,53.99,45.6,25.5,16.4,12.49,17.9,65.6,49.1,41.11,41.9,18.5,16.6,13.97,17.4,8.0,12.1,9.8,7.7,20.4,21.2,22.3,24.7,5.6,5.7,5.0,5.2,57.9,84.7,74.4,74.6,92.9,118.8,109.6,107.9
502.0,131088.5,0.6015873015873016,7225621.721538462,74743.24285714286,782.2643835616439,2040,1202.0585425633333,13.1,72.02809413684446,Staten Island,18.41,17.38,18.29,16.01,15.4,15.53,15.28,14.93,14.63,14.26,13.33,12.56,14.28,14.92,13.73,13.93,12.22,11.28,10.62,10.43,10.91,10.3,9.31,11.42,8.02,9.63,23.27,21.8,25.16,19.0,20.93,23.01,21.27,19.35,19.92,20.07,17.83,20.53,20.08,9.63,8.64,9.36,8.18,7.9,8.34,7.82,6.8,6.8,6.36,5.9,5.7,6.25,10.36,11.35,10.96,9.78,9.34,7.89,8.68,7.79,8.15,7.46,7.43,6.56,8.15,11.46,8.83,11.62,8.04,9.55,11.55,8.36,7.43,7.08,7.81,6.44,7.24,6.51,29.44,26.48,34.3,33.17,33.14,30.61,31.14,31.84,34.18,28.83,29.89,29.1,28.33,29.09,82.4,76.1,66.09,49.5,41.6,42.9,39.59,32.0,25.9,16.9,12.74,19.1,80.3,54.3,49.56,50.0,20.2,17.3,16.19,17.6,6.1,9.5,8.6,5.7,13.1,16.0,17.3,15.0,8.7,8.4,7.9,8.4,39.8,58.1,59.3,53.8,73.2,101.7,94.8,78.7
503.0,139315.2857142857,0.465,6650212.178260869,73508.56999999999,1181.2892857142856,1535,2070.784843146667,9.3,88.54142877183833,Staten Island,17.49,16.0,17.17,15.31,14.69,14.56,14.21,14.11,13.86,13.57,12.21,11.78,13.26,14.0,13.07,12.83,11.78,11.13,9.91,9.64,10.16,10.16,9.09,10.36,7.84,8.64,22.46,19.5,23.98,18.73,19.93,21.86,19.93,18.34,18.77,19.5,16.55,18.46,18.87,10.1,8.99,9.63,8.52,8.22,8.68,8.01,7.1,7.05,6.63,5.96,5.62,6.18,10.73,11.68,11.3,10.12,9.53,8.12,8.94,8.09,8.35,7.74,7.39,6.6,7.97,12.19,9.27,11.88,8.48,9.96,12.13,8.75,7.78,7.28,8.01,6.53,6.95,6.5,30.26,26.04,34.45,33.13,32.76,30.48,31.13,31.66,34.68,27.95,29.36,28.8,27.74,29.09,30.2,32.8,26.74,18.8,16.2,16.0,15.9,12.9,27.1,17.8,14.05,16.8,73.8,58.3,57.15,48.4,17.8,13.5,13.54,14.1,3.8,4.7,3.6,2.6,11.1,10.0,7.1,5.6,9.3,9.7,9.8,7.7,16.2,22.3,21.6,21.4,28.0,47.3,35.5,30.4
504.0,118849.64705882352,0.73125,9909967.476470588,100730.75294117647,1053.0166666666667,2618,3871.0167500000002,6.7,67.43830413605612,Staten Island,14.71,13.05,13.5,12.47,11.51,12.59,11.91,11.52,11.7,11.05,10.23,10.56,11.3,10.8,9.5,8.54,8.15,7.62,7.39,6.69,6.73,7.77,6.28,7.82,7.29,5.36,19.31,16.92,20.56,15.98,16.82,20.59,18.29,16.6,17.51,17.21,14.25,15.41,17.54,9.63,8.71,9.29,8.28,7.82,8.2,7.29,6.59,6.58,6.18,5.81,5.34,6.04,10.37,11.25,10.96,9.78,9.13,7.57,8.43,7.54,7.88,7.35,7.25,6.51,7.62,11.62,9.0,11.47,8.5,9.57,11.55,8.05,7.13,6.87,7.57,6.43,6.05,6.5,30.3,27.77,36.53,35.93,35.27,32.66,31.96,34.07,36.17,28.95,30.34,30.14,29.62,30.21,24.0,21.0,19.59,13.7,16.5,11.8,12.32,9.2,23.9,15.2,11.39,15.6,65.0,48.0,44.68,45.9,15.2,11.7,11.8,12.9,3.3,4.2,3.8,1.7,5.4,7.2,6.4,5.1,7.5,7.3,7.2,7.7,16.3,15.9,18.6,13.9,23.6,29.8,29.0,19.3
